['108 VTi 72ch BVM5 Access'],['\n8 500 €\n'],['\nMai 2019\n'],['\n41 000\nkm\n'],['\nEssence\n'],['\nEmissions de CO'],['\n4.1\nlitres / 100 km\n'],['\nManuelle\n'],['\n4 portes avec hayon\n'],['\n4\nCV\n'],['\n4\nplaces\n']
['C4 Picasso e-HDi 115 Attraction ETG6'],['\n11 000 €\n'],['\nAoût 2014\n'],['\n110 000\nkm\n'],['\nDiesel\n'],['\nEmissions de CO'],['\n4.0\nlitres / 100 km\n'],['\nSemi automatique\n'],['\n4 portes avec hayon\n'],['\n6\nCV\n'],['\n5\nplaces\n']
['206 2.0 HDi XT Premium'],['\n3 500 €\n'],['\nNovembre 2002\n'],['\n161 000\nkm\n'],['\nDiesel\n'],['\nEmissions de CO'],['\n5.0\nlitres / 100 km\n'],['\nManuelle\n'],['\n4 portes avec hayon\n'],['\n5\nCV\n'],['\n5\nplaces\n']
['S-MAX 2.0 TDCi 140 DPF Titanium'],['\n4 700 €\n'],['\nJuin 2006\n'],['\n230 000\nkm\n'],['\nDiesel\n'],['\nEmissions de CO'],['\n6.0\nlitres / 100 km\n'],['\nManuelle\n'],['\n4 portes avec hayon\n'],['\n8\nCV\n'],['\n7\nplaces\n']
['90 Defender TDI'],['\n16 000 €\n'],['\nOctobre 1995\n'],['\n150 000\nkm\n'],['\nDiesel\n'],['\nManuelle\n'],['\n2 portes avec hayon\n'],['\n10\nCV\n'],['\n3\nplaces\n']
['DEFENDER 110 CREW CAB MARK VI E'],['\n65 900 €\n'],['\nOctobre 2015\n'],['\n55 000\nkm\n'],['\nDiesel\n'],['\nEmissions de CO'],['\n11.1\nlitres / 100 km\n'],['\nManuelle\n'],['\n4 portes\n'],['\n7\nCV\n'],['\n7\nplaces\n']
['Laguna 1.9 DTI RTE'],['\n2 000 €\n'],['\nJanvier 1999\n'],['\n320 000\nkm\n'],['\nDiesel\n'],['\n5.5\nlitres / 100 km\n'],['\nManuelle\n'],['\n4 portes avec hayon\n'],['\n6\nCV\n'],['\n5\nplaces\n']
['Laguna 1.9 DTI RTE'],['\n2 000 €\n'],['\nJanvier 1999\n'],['\n320 000\nkm\n'],['\nDiesel\n'],['\n5.5\nlitres / 100 km\n'],['\nManuelle\n'],['\n4 portes avec hayon\n'],['\n6\nCV\n'],['\n5\nplaces\n']
['Tiguan 2.0 TDI 150 DSG7 4Motion Black R-Line'],['\n30 000 €\n'],['\nJuillet 2019\n'],['\n24 000\nkm\n'],['\nDiesel\n'],['\nEmissions de CO'],['\nAutomatique\n'],['\n4 portes avec hayon\n'],['\n8\nCV\n'],['\n5\nplaces\n']
['Tiguan 2.0 TDI 150 DSG7 4Motion Black R-Line'],['\n30 000 €\n'],['\nJuillet 2019\n'],['\n24 000\nkm\n'],['\nDiesel\n'],['\nEmissions de CO'],['\nAutomatique\n'],['\n4 portes avec hayon\n'],['\n8\nCV\n'],['\n5\nplaces\n']
['2 CV 6 Special'],['\n12 000 €\n'],['\nMars 1986\n'],['\n96 700\nkm\n'],['\nEssence\n'],['\nManuelle\n'],['\n4 portes\n'],['\n3\nCV\n'],['\n5\nplaces\n']
['2 CV 6 Special'],['\n12 000 €\n'],['\nMars 1986\n'],['\n96 700\nkm\n'],['\nEssence\n'],['\nManuelle\n'],['\n4 portes\n'],['\n3\nCV\n'],['\n5\nplaces\n']
['Edition 1.8 hybrid 122ch'],['\n27 470 €\n'],['\n2022\n'],['\n10\nkm\n'],['\nHybride\n'],['\nAutomatique\n'],['\n4 portes avec hayon\n'],['\n5\nCV\n']
['Edition 1.8 hybrid 122ch'],['\n27 470 €\n'],['\n2022\n'],['\n10\nkm\n'],['\nHybride\n'],['\nAutomatique\n'],['\n4 portes avec hayon\n'],['\n5\nCV\n']
['Coccinelle Cabriolet 2.0 TDI 150 BMT Club'],['\n18 100 €\n'],['\nMars 2015\n'],['\n92 600\nkm\n'],['\nDiesel\n'],['\nEmissions de CO'],['\n4.6\nlitres / 100 km\n'],['\nManuelle\n'],['\n2 portes\n'],['\n8\nCV\n'],['\n4\nplaces\n']
['Coccinelle Cabriolet 2.0 TDI 150 BMT Club'],['\n18 100 €\n'],['\nMars 2015\n'],['\n92 600\nkm\n'],['\nDiesel\n'],['\nEmissions de CO'],['\n4.6\nlitres / 100 km\n'],['\nManuelle\n'],['\n2 portes\n'],['\n8\nCV\n'],['\n4\nplaces\n']
['308 PureTech 110ch S&S BVM6 Style'],['\n16 300 €\n'],['\nMars 2020\n'],['\n34 600\nkm\n'],['\nEssence\n'],['\nEmissions de CO'],['\n4.6\nlitres / 100 km\n'],['\nManuelle\n'],['\n4 portes avec hayon\n'],['\n5\nCV\n'],['\n5\nplaces\n']
['308 PureTech 110ch S&S BVM6 Style'],['\n16 300 €\n'],['\nMars 2020\n'],['\n34 600\nkm\n'],['\nEssence\n'],['\nEmissions de CO'],['\n4.6\nlitres / 100 km\n'],['\nManuelle\n'],['\n4 portes avec hayon\n'],['\n5\nCV\n'],['\n5\nplaces\n']
['Scenic 1.9 dCi 130 Exception'],['\n4 000 €\n'],['\nAvril 2008\n'],['\n173 300\nkm\n'],['\nDiesel\n'],['\nEmissions de CO'],['\n6.0\nlitres / 100 km\n'],['\nManuelle\n'],['\n4 portes avec hayon\n'],['\n8\nCV\n'],['\n5\nplaces\n']
['Scenic 1.9 dCi 130 Exception'],['\n4 000 €\n'],['\nAvril 2008\n'],['\n173 300\nkm\n'],['\nDiesel\n'],['\nEmissions de CO'],['\n6.0\nlitres / 100 km\n'],['\nManuelle\n'],['\n4 portes avec hayon\n'],['\n8\nCV\n'],['\n5\nplaces\n']
['320d 177ch Confort'],['\n6 800 €\n'],['\nJuin 2008\n'],['\n212 500\nkm\n'],['\nDiesel\n'],['\nEmissions de CO'],['\n4.8\nlitres / 100 km\n'],['\nManuelle\n'],['\n4 portes\n'],['\n9\nCV\n'],['\n5\nplaces\n']
['320d 177ch Confort'],['\n6 800 €\n'],['\nJuin 2008\n'],['\n212 500\nkm\n'],['\nDiesel\n'],['\nEmissions de CO'],['\n4.8\nlitres / 100 km\n'],['\nManuelle\n'],['\n4 portes\n'],['\n9\nCV\n'],['\n5\nplaces\n']
['C3 1.4 HDi 70 Airdream Airplay'],['\n3 800 €\n'],['\nJanvier 2009\n'],['\n115 000\nkm\n'],['\nDiesel\n'],['\nEmissions de CO'],['\n4.4\nlitres / 100 km\n'],['\nManuelle\n'],['\n4 portes avec hayon\n'],['\n4\nCV\n'],['\n5\nplaces\n']
['C3 1.4 HDi 70 Airdream Airplay'],['\n3 800 €\n'],['\nJanvier 2009\n'],['\n115 000\nkm\n'],['\nDiesel\n'],['\nEmissions de CO'],['\n4.4\nlitres / 100 km\n'],['\nManuelle\n'],['\n4 portes avec hayon\n'],['\n4\nCV\n'],['\n5\nplaces\n']
['C3 Aircross PureTech 110 S&S BVM6 Shine'],['\n19 800 €\n'],['\nJuillet 2021\n'],['\n2 800\nkm\n'],['\nEssence\n'],['\nManuelle\n'],['\n4 portes avec hayon\n'],['\n6\nCV\n'],['\n5\nplaces\n']
['C3 Aircross PureTech 110 S&S BVM6 Shine'],['\n19 800 €\n'],['\nJuillet 2021\n'],['\n2 800\nkm\n'],['\nEssence\n'],['\nManuelle\n'],['\n4 portes avec hayon\n'],['\n6\nCV\n'],['\n5\nplaces\n']
['Twingo II 1.5 dCi 65 eco2 Art Collection'],['\n2 450 €\n'],['\nAvril 2009\n'],['\n209 200\nkm\n'],['\nDiesel\n'],['\nEmissions de CO'],['\n4.3\nlitres / 100 km\n'],['\nManuelle\n'],['\n2 portes avec hayon\n'],['\n4\nCV\n'],['\n4\nplaces\n']
['Twingo II 1.5 dCi 65 eco2 Art Collection'],['\n2 450 €\n'],['\nAvril 2009\n'],['\n209 200\nkm\n'],['\nDiesel\n'],['\nEmissions de CO'],['\n4.3\nlitres / 100 km\n'],['\nManuelle\n'],['\n2 portes avec hayon\n'],['\n4\nCV\n'],['\n4\nplaces\n']
['elegance'],['\n7 900 €\n'],['\nAoût 2006\n'],['\n72 000\nkm\n'],['\nDiesel\n'],['\nManuelle\n'],['\n4 portes avec hayon\n'],['\n5\nplaces\n']
['elegance'],['\n7 900 €\n'],['\nAoût 2006\n'],['\n72 000\nkm\n'],['\nDiesel\n'],['\nManuelle\n'],['\n4 portes avec hayon\n'],['\n5\nplaces\n']
['TT 1.8T'],['\n10 500 €\n'],['\nJanvier 2000\n'],['\n149 000\nkm\n'],['\nEssence\n'],['\nEmissions de CO'],['\n8.1\nlitres / 100 km\n'],['\nManuelle\n'],['\n2 portes avec hayon\n'],['\n11\nCV\n'],['\n4\nplaces\n']
['TT 1.8T'],['\n10 500 €\n'],['\nJanvier 2000\n'],['\n149 000\nkm\n'],['\nEssence\n'],['\nEmissions de CO'],['\n8.1\nlitres / 100 km\n'],['\nManuelle\n'],['\n2 portes avec hayon\n'],['\n11\nCV\n'],['\n4\nplaces\n']
['500 1.2 69 ch Lounge'],['\n9 500 €\n'],['\nMars 2017\n'],['\n48 500\nkm\n'],['\nEssence\n'],['\nEmissions de CO'],['\n4.9\nlitres / 100 km\n'],['\nManuelle\n'],['\n2 portes avec hayon\n'],['\n4\nCV\n'],['\n4\nplaces\n']
['500 1.2 69 ch Lounge'],['\n9 500 €\n'],['\nMars 2017\n'],['\n48 500\nkm\n'],['\nEssence\n'],['\nEmissions de CO'],['\n4.9\nlitres / 100 km\n'],['\nManuelle\n'],['\n2 portes avec hayon\n'],['\n4\nCV\n'],['\n4\nplaces\n']
['208 1.2 PureTech 110ch S&S BVM5 Féline'],['\n12 000 €\n'],['\nOctobre 2015\n'],['\n54 000\nkm\n'],['\nEssence\n'],['\nEmissions de CO'],['\n4.3\nlitres / 100 km\n'],['\nManuelle\n'],['\n4 portes avec hayon\n'],['\n5\nCV\n'],['\n5\nplaces\n']
['208 1.2 PureTech 110ch S&S BVM5 Féline'],['\n12 000 €\n'],['\nOctobre 2015\n'],['\n54 000\nkm\n'],['\nEssence\n'],['\nEmissions de CO'],['\n4.3\nlitres / 100 km\n'],['\nManuelle\n'],['\n4 portes avec hayon\n'],['\n5\nCV\n'],['\n5\nplaces\n']
['3008 1.6 HDi 16V 110ch FAP Premium Pack'],['\n5 500 €\n'],['\nJuin 2009\n'],['\n190 500\nkm\n'],['\nDiesel\n'],['\nEmissions de CO'],['\n5.1\nlitres / 100 km\n'],['\nManuelle\n'],['\n4 portes avec hayon\n'],['\n6\nCV\n'],['\n5\nplaces\n']
['3008 1.6 HDi 16V 110ch FAP Premium Pack'],['\n5 500 €\n'],['\nJuin 2009\n'],['\n190 500\nkm\n'],['\nDiesel\n'],['\nEmissions de CO'],['\n5.1\nlitres / 100 km\n'],['\nManuelle\n'],['\n4 portes avec hayon\n'],['\n6\nCV\n'],['\n5\nplaces\n']
['Astra 1.7 CDTI - 110 FAP ecoFLEX Cosmo'],['\n5 200 €\n'],['\nJanvier 2011\n'],['\n171 200\nkm\n'],['\nDiesel\n'],['\nEmissions de CO'],['\n4.5\nlitres / 100 km\n'],['\nManuelle\n'],['\n4 portes avec hayon\n'],['\n6\nCV\n'],['\n5\nplaces\n']
['Astra 1.7 CDTI - 110 FAP ecoFLEX Cosmo'],['\n5 200 €\n'],['\nJanvier 2011\n'],['\n171 200\nkm\n'],['\nDiesel\n'],['\nEmissions de CO'],['\n4.5\nlitres / 100 km\n'],['\nManuelle\n'],['\n4 portes avec hayon\n'],['\n6\nCV\n'],['\n5\nplaces\n']
['Land Cruiser 3.0 TD VX'],['\n7 000 €\n'],['\nMai 1999\n'],['\n160 000\nkm\n'],['\nDiesel\n'],['\n11.1\nlitres / 100 km\n'],['\nManuelle\n'],['\n4 portes avec hayon\n'],['\n10\nCV\n'],['\n5\nplaces\n']
['Land Cruiser 3.0 TD VX'],['\n7 000 €\n'],['\nMai 1999\n'],['\n160 000\nkm\n'],['\nDiesel\n'],['\n11.1\nlitres / 100 km\n'],['\nManuelle\n'],['\n4 portes avec hayon\n'],['\n10\nCV\n'],['\n5\nplaces\n']
['Doblo Panorama 1.6 Multijet 120 ch'],['\n14 500 €\n'],['\nJuin 2017\n'],['\n61 500\nkm\n'],['\nDiesel\n'],['\nEmissions de CO'],['\nManuelle\n'],['\n4 portes avec hayon\n'],['\n7\nCV\n'],['\n5\nplaces\n']
['Doblo Panorama 1.6 Multijet 120 ch'],['\n14 500 €\n'],['\nJuin 2017\n'],['\n61 500\nkm\n'],['\nDiesel\n'],['\nEmissions de CO'],['\nManuelle\n'],['\n4 portes avec hayon\n'],['\n7\nCV\n'],['\n5\nplaces\n']
['Super 5 Five'],['\n4 900 €\n'],['\nJanvier 1995\n'],['\n130 000\nkm\n'],['\nEssence\n'],['\nManuelle\n'],['\n2 portes avec hayon\n'],['\n6\nCV\n'],['\n5\nplaces\n']
['Super 5 Five'],['\n4 900 €\n'],['\nJanvier 1995\n'],['\n130 000\nkm\n'],['\nEssence\n'],['\nManuelle\n'],['\n2 portes avec hayon\n'],['\n6\nCV\n'],['\n5\nplaces\n']
['Kadjar TCe 130 Energy Intens'],['\n14 200 €\n'],['\nOctobre 2017\n'],['\n43 800\nkm\n'],['\nEssence\n'],['\nEmissions de CO'],['\n5.8\nlitres / 100 km\n'],['\nManuelle\n'],['\n4 portes avec hayon\n'],['\n7\nCV\n'],['\n5\nplaces\n']
['Kadjar TCe 130 Energy Intens'],['\n14 200 €\n'],['\nOctobre 2017\n'],['\n43 800\nkm\n'],['\nEssence\n'],['\nEmissions de CO'],['\n5.8\nlitres / 100 km\n'],['\nManuelle\n'],['\n4 portes avec hayon\n'],['\n7\nCV\n'],['\n5\nplaces\n']
['Classe CLA 45 AMG 4Matic Speedshift DCT A'],['\n39 500 €\n'],['\nJuillet 2016\n'],['\n66 000\nkm\n'],['\nEssence\n'],['\nEmissions de CO'],['\n7.3\nlitres / 100 km\n'],['\nAutomatique\n'],['\n4 portes\n'],['\n26\nCV\n'],['\n5\nplaces\n']
['Classe CLA 45 AMG 4Matic Speedshift DCT A'],['\n39 500 €\n'],['\nJuillet 2016\n'],['\n66 000\nkm\n'],['\nEssence\n'],['\nEmissions de CO'],['\n7.3\nlitres / 100 km\n'],['\nAutomatique\n'],['\n4 portes\n'],['\n26\nCV\n'],['\n5\nplaces\n']
['Mégane 1.9 DCI Authentique'],['\n14 900 €\n'],['\nDécembre 2017\n'],['\n40 600\nkm\n'],['\nDiesel\n'],['\nEmissions de CO'],['\n5.2\nlitres / 100 km\n'],['\nManuelle\n'],['\n4 portes avec hayon\n'],['\n6\nCV\n'],['\n5\nplaces\n']
['Mégane 1.9 DCI Authentique'],['\n14 900 €\n'],['\nDécembre 2017\n'],['\n40 600\nkm\n'],['\nDiesel\n'],['\nEmissions de CO'],['\n5.2\nlitres / 100 km\n'],['\nManuelle\n'],['\n4 portes avec hayon\n'],['\n6\nCV\n'],['\n5\nplaces\n']
['Polo 1.2 60 Style'],['\n5 990 €\n'],['\nNovembre 2011\n'],['\n136 100\nkm\n'],['\nEssence\n'],['\nEmissions de CO'],['\n5.5\nlitres / 100 km\n'],['\nManuelle\n'],['\n2 portes avec hayon\n'],['\n4\nCV\n'],['\n5\nplaces\n']
['Polo 1.2 60 Style'],['\n5 990 €\n'],['\nNovembre 2011\n'],['\n136 100\nkm\n'],['\nEssence\n'],['\nEmissions de CO'],['\n5.5\nlitres / 100 km\n'],['\nManuelle\n'],['\n2 portes avec hayon\n'],['\n4\nCV\n'],['\n5\nplaces\n']
['30 TX'],['\n9 000 €\n'],['\nAvril 1965\n'],['\n72 000\nkm\n'],['\nEssence\n'],['\nManuelle\n'],['\n4 portes avec hayon\n'],['\n15\nCV\n'],['\n5\nplaces\n']
['30 TX'],['\n9 000 €\n'],['\nAvril 1965\n'],['\n72 000\nkm\n'],['\nEssence\n'],['\nManuelle\n'],['\n4 portes avec hayon\n'],['\n15\nCV\n'],['\n5\nplaces\n']
['Golf 1.4i'],['\n2 250 €\n'],['\nNovembre 1999\n'],['\n191 000\nkm\n'],['\nEssence\n'],['\nEmissions de CO'],['\n6.6\nlitres / 100 km\n'],['\nManuelle\n'],['\n4 portes avec hayon\n'],['\n5\nCV\n'],['\n5\nplaces\n']
['Golf 1.4i'],['\n2 250 €\n'],['\nNovembre 1999\n'],['\n191 000\nkm\n'],['\nEssence\n'],['\nEmissions de CO'],['\n6.6\nlitres / 100 km\n'],['\nManuelle\n'],['\n4 portes avec hayon\n'],['\n5\nCV\n'],['\n5\nplaces\n']
['Classe B 200 d 7-G DCT 4-Matic Fascination'],['\n24 500 €\n'],['\nSeptembre 2018\n'],['\n40 500\nkm\n'],['\nDiesel\n'],['\nEmissions de CO'],['\n5.0\nlitres / 100 km\n'],['\nAutomatique\n'],['\n4 portes avec hayon\n'],['\n7\nCV\n'],['\n5\nplaces\n']
['108 VTi 72ch BVM5 Access'],['\n8 500 €\n'],['\nMai 2019\n'],['\n41 000\nkm\n'],['\nEssence\n'],['\nEmissions de CO'],['\n4.1\nlitres / 100 km\n'],['\nManuelle\n'],['\n4 portes avec hayon\n'],['\n4\nCV\n'],['\n4\nplaces\n']
['Q5 2.0 TDI 143 DPF Quattro Ambiente'],['\n15 500 €\n'],['\nJuillet 2010\n'],['\n120 500\nkm\n'],['\nDiesel\n'],['\nEmissions de CO'],['\n6.5\nlitres / 100 km\n'],['\nManuelle\n'],['\n4 portes avec hayon\n'],['\n9\nCV\n'],['\n5\nplaces\n']
['306 1.9 D Bahia'],['\n1 000 €\n'],['\nOctobre 1996\n'],['\n150 000\nkm\n'],['\nDiesel\n'],['\n6.7\nlitres / 100 km\n'],['\nManuelle\n'],['\n4 portes avec hayon\n'],['\n6\nCV\n'],['\n5\nplaces\n']
['Mégane III Coupé  2.0 16V 265 RS Luxe S&S'],['\n14 990 €\n'],['\nAvril 2010\n'],['\n120 000\nkm\n'],['\nEssence\n'],['\nEmissions de CO'],['\n7.5\nlitres / 100 km\n'],['\nManuelle\n'],['\n2 portes avec hayon\n'],['\n16\nCV\n'],['\n5\nplaces\n']
['S-MAX 2.0 TDCi 140 DPF Titanium'],['\n4 700 €\n'],['\nJuin 2006\n'],['\n230 000\nkm\n'],['\nDiesel\n'],['\nEmissions de CO'],['\n6.0\nlitres / 100 km\n'],['\nManuelle\n'],['\n4 portes avec hayon\n'],['\n8\nCV\n'],['\n7\nplaces\n']
['Zoe Edition One Charge Rapide Gamme 2017'],['\n6 700 €\n'],['\nAoût 2016\n'],['\n63 000\nkm\n'],['\nElectrique\n'],['\nAutomatique\n'],['\n4 portes avec hayon\n'],['\n1\nCV\n'],['\n5\nplaces\n']
['Zoe Edition One Charge Rapide Gamme 2017'],['\n6 700 €\n'],['\nAoût 2016\n'],['\n63 000\nkm\n'],['\nElectrique\n'],['\nAutomatique\n'],['\n4 portes avec hayon\n'],['\n1\nCV\n'],['\n5\nplaces\n']
['Zoe R110 Intens'],['\n14 500 €\n'],['\nJanvier 2020\n'],['\n16 000\nkm\n'],['\nElectrique\n'],['\nAutomatique\n'],['\n4 portes avec hayon\n'],['\n1\nCV\n'],['\n5\nplaces\n']
['Zoe R110 Intens'],['\n14 500 €\n'],['\nJanvier 2020\n'],['\n16 000\nkm\n'],['\nElectrique\n'],['\nAutomatique\n'],['\n4 portes avec hayon\n'],['\n1\nCV\n'],['\n5\nplaces\n']
['EHS 1.5T GDI Hybride rechargeable Luxury'],['\n33 000 €\n'],['\nDécembre 2021\n'],['\n100\nkm\n'],['\nHybride\n'],['\nAutomatique\n'],['\n4 portes avec hayon\n'],['\n5\nplaces\n']
['EHS 1.5T GDI Hybride rechargeable Luxury'],['\n33 000 €\n'],['\nDécembre 2021\n'],['\n100\nkm\n'],['\nHybride\n'],['\nAutomatique\n'],['\n4 portes avec hayon\n'],['\n5\nplaces\n']
['Artega GT'],['\n16 800 €\n'],['\nOctobre 1972\n'],['\n81 800\nkm\n'],['\nEssence\n'],['\nEmissions de CO'],['\n8.9\nlitres / 100 km\n'],['\nSemi automatique\n'],['\n2 portes\n'],['\n2\nplaces\n']
['Artega GT'],['\n16 800 €\n'],['\nOctobre 1972\n'],['\n81 800\nkm\n'],['\nEssence\n'],['\nEmissions de CO'],['\n8.9\nlitres / 100 km\n'],['\nSemi automatique\n'],['\n2 portes\n'],['\n2\nplaces\n']
['MODEL S 85 kWh Performance Dual Motor'],['\n48 500 €\n'],['\nJuin 2015\n'],['\n119 000\nkm\n'],['\n2\nCV\n'],['\n5\nplaces\n']
['MODEL S 85 kWh Performance Dual Motor'],['\n48 500 €\n'],['\nJuin 2015\n'],['\n119 000\nkm\n'],['\n2\nCV\n'],['\n5\nplaces\n']
['4/4 1.6 L Centenaire'],['\n41 500 €\n'],['\nJuillet 1984\n'],['\n84 000\nkm\n'],['\nEssence\n'],['\nEmissions de CO'],['\n6.4\nlitres / 100 km\n'],['\nManuelle\n'],['\n2 portes\n'],['\n4\nplaces\n']
['4/4 1.6 L Centenaire'],['\n41 500 €\n'],['\nJuillet 1984\n'],['\n84 000\nkm\n'],['\nEssence\n'],['\nEmissions de CO'],['\n6.4\nlitres / 100 km\n'],['\nManuelle\n'],['\n2 portes\n'],['\n4\nplaces\n']
['Zoe Q90 Intens'],['\n15 500 €\n'],['\nJuillet 2018\n'],['\n31 000\nkm\n'],['\nElectrique\n'],['\nAutomatique\n'],['\n4 portes avec hayon\n'],['\n1\nCV\n'],['\n5\nplaces\n']
['Zoe Q90 Intens'],['\n15 500 €\n'],['\nJuillet 2018\n'],['\n31 000\nkm\n'],['\nElectrique\n'],['\nAutomatique\n'],['\n4 portes avec hayon\n'],['\n1\nCV\n'],['\n5\nplaces\n']
['\n7 490 €\n'],['\nOctobre 2014\n'],['\n49 944\nkm\n'],['\nElectrique\n'],['\nAutomatique\n'],['\n4 portes avec hayon\n'],['\n1\nCV\n'],['\n5\nplaces\n']
['\n7 490 €\n'],['\nOctobre 2014\n'],['\n49 944\nkm\n'],['\nElectrique\n'],['\nAutomatique\n'],['\n4 portes avec hayon\n'],['\n1\nCV\n'],['\n5\nplaces\n']
['\n15 990 €\n'],['\nDécembre 2016\n'],['\n30 373\nkm\n'],['\nElectrique\n'],['\nAutomatique\n'],['\n4 portes avec hayon\n'],['\n1\nCV\n'],['\n5\nplaces\n']
['\n15 990 €\n'],['\nDécembre 2016\n'],['\n30 373\nkm\n'],['\nElectrique\n'],['\nAutomatique\n'],['\n4 portes avec hayon\n'],['\n1\nCV\n'],['\n5\nplaces\n']
['EQC 400 4M'],['\n68 985 €\n'],['\nDécembre 2020\n'],['\n15 684\nkm\n'],['\nElectrique\n'],['\nAutomatique\n'],['\n4 portes avec hayon\n'],['\n5\nplaces\n']
['EQC 400 4M'],['\n68 985 €\n'],['\nDécembre 2020\n'],['\n15 684\nkm\n'],['\nElectrique\n'],['\nAutomatique\n'],['\n4 portes avec hayon\n'],['\n5\nplaces\n']
['EQC 400 4M'],['\n69 950 €\n'],['\nNovembre 2020\n'],['\n15 220\nkm\n'],['\nElectrique\n'],['\nAutomatique\n'],['\n4 portes avec hayon\n'],['\n5\nplaces\n']
['EQC 400 4M'],['\n69 950 €\n'],['\nNovembre 2020\n'],['\n15 220\nkm\n'],['\nElectrique\n'],['\nAutomatique\n'],['\n4 portes avec hayon\n'],['\n5\nplaces\n']
['EQC 400 4M'],['\n69 980 €\n'],['\nOctobre 2020\n'],['\n17 240\nkm\n'],['\nElectrique\n'],['\nAutomatique\n'],['\n4 portes avec hayon\n'],['\n5\nplaces\n']
['EQC 400 4M'],['\n69 980 €\n'],['\nOctobre 2020\n'],['\n17 240\nkm\n'],['\nElectrique\n'],['\nAutomatique\n'],['\n4 portes avec hayon\n'],['\n5\nplaces\n']
['EQC 400 4M'],['\n67 850 €\n'],['\nNovembre 2020\n'],['\n11 340\nkm\n'],['\nElectrique\n'],['\nAutomatique\n'],['\n4 portes avec hayon\n'],['\n5\nplaces\n']
['EQC 400 4M'],['\n67 850 €\n'],['\nNovembre 2020\n'],['\n11 340\nkm\n'],['\nElectrique\n'],['\nAutomatique\n'],['\n4 portes avec hayon\n'],['\n5\nplaces\n']
['GLS 63 AMG'],['\n94 895 €\n'],['\nAvril 2019\n'],['\n27 000\nkm\n'],['\nEssence\n'],['\nEmissions de CO'],['\nAutomatique\n'],['\n4 portes avec hayon\n'],['\n7\nplaces\n']
['GLS 63 AMG'],['\n94 895 €\n'],['\nAvril 2019\n'],['\n27 000\nkm\n'],['\nEssence\n'],['\nEmissions de CO'],['\nAutomatique\n'],['\n4 portes avec hayon\n'],['\n7\nplaces\n']
['991 911 Targa'],['\n163 900 €\n'],['\nJuin 2019\n'],['\n7 700\nkm\n'],['\nEssence\n'],['\nEmissions de CO'],['\nAutomatique\n'],['\n4 portes avec hayon\n'],['\n4\nplaces\n']
['991 911 Targa'],['\n163 900 €\n'],['\nJuin 2019\n'],['\n7 700\nkm\n'],['\nEssence\n'],['\nEmissions de CO'],['\nAutomatique\n'],['\n4 portes avec hayon\n'],['\n4\nplaces\n']
['GLS 350 d'],['\n89 949 €\n'],['\nAoût 2019\n'],['\n8 490\nkm\n'],['\nDiesel\n'],['\nEmissions de CO'],['\nAutomatique\n'],['\n4 portes avec hayon\n'],['\n7\nplaces\n']
['GLS 350 d'],['\n89 949 €\n'],['\nAoût 2019\n'],['\n8 490\nkm\n'],['\nDiesel\n'],['\nEmissions de CO'],['\nAutomatique\n'],['\n4 portes avec hayon\n'],['\n7\nplaces\n']
['991 911 Targa'],['\n119 800 €\n'],['\nMai 2014\n'],['\n40 413\nkm\n'],['\nEssence\n'],['\nAutomatique\n'],['\n4 portes avec hayon\n']
['991 911 Targa'],['\n119 800 €\n'],['\nMai 2014\n'],['\n40 413\nkm\n'],['\nEssence\n'],['\nAutomatique\n'],['\n4 portes avec hayon\n']
['Q7 3.0 TDI'],['\n58 980 €\n'],['\nAoût 2018\n'],['\n30 725\nkm\n'],['\nDiesel\n'],['\nAutomatique\n'],['\n4 portes avec hayon\n'],['\n7\nplaces\n']
['Q7 3.0 TDI'],['\n58 980 €\n'],['\nAoût 2018\n'],['\n30 725\nkm\n'],['\nDiesel\n'],['\nAutomatique\n'],['\n4 portes avec hayon\n'],['\n7\nplaces\n']
['GLE 250 d'],['\n48 880 €\n'],['\nOctobre 2018\n'],['\n42 478\nkm\n'],['\nDiesel\n'],['\nEmissions de CO'],['\nAutomatique\n'],['\n4 portes avec hayon\n'],['\n5\nplaces\n']
['GLE 250 d'],['\n48 880 €\n'],['\nOctobre 2018\n'],['\n42 478\nkm\n'],['\nDiesel\n'],['\nEmissions de CO'],['\nAutomatique\n'],['\n4 portes avec hayon\n'],['\n5\nplaces\n']
['Q7 3.0 TDI'],['\n48 890 €\n'],['\nJuillet 2017\n'],['\n37 205\nkm\n'],['\nDiesel\n'],['\nAutomatique\n'],['\n4 portes avec hayon\n'],['\n5\nplaces\n']
['Q7 3.0 TDI'],['\n48 890 €\n'],['\nJuillet 2017\n'],['\n37 205\nkm\n'],['\nDiesel\n'],['\nAutomatique\n'],['\n4 portes avec hayon\n'],['\n5\nplaces\n']
['Cayman 718 à'],['\n64 500 €\n'],['\nMai 2019\n'],['\n15 900\nkm\n'],['\nEssence\n'],['\nEmissions de CO'],['\nAutomatique\n'],['\n4 portes avec hayon\n'],['\n2\nplaces\n']
['Cayman 718 à'],['\n64 500 €\n'],['\nMai 2019\n'],['\n15 900\nkm\n'],['\nEssence\n'],['\nEmissions de CO'],['\nAutomatique\n'],['\n4 portes avec hayon\n'],['\n2\nplaces\n']
['V40 T3 Geartronic'],['\n23 990 €\n'],['\nNovembre 2019\n'],['\n11 365\nkm\n'],['\nEssence\n'],['\nEmissions de CO'],['\nAutomatique\n'],['\n4 portes avec hayon\n'],['\n5\nplaces\n']
['V40 T3 Geartronic'],['\n23 990 €\n'],['\nNovembre 2019\n'],['\n11 365\nkm\n'],['\nEssence\n'],['\nEmissions de CO'],['\nAutomatique\n'],['\n4 portes avec hayon\n'],['\n5\nplaces\n']
['V40 T2 R'],['\n22 800 €\n'],['\nFévrier 2019\n'],['\n16 500\nkm\n'],['\nEssence\n'],['\nEmissions de CO'],['\nManuelle\n'],['\n4 portes avec hayon\n'],['\n5\nplaces\n']
['V40 T2 R'],['\n22 800 €\n'],['\nFévrier 2019\n'],['\n16 500\nkm\n'],['\nEssence\n'],['\nEmissions de CO'],['\nManuelle\n'],['\n4 portes avec hayon\n'],['\n5\nplaces\n']
['V40 Momentum T2'],['\n19 990 €\n'],['\nSeptembre 2019\n'],['\n38 600\nkm\n'],['\nEssence\n'],['\nEmissions de CO'],['\nManuelle\n'],['\n4 portes avec hayon\n'],['\n5\nplaces\n']
['V40 Momentum T2'],['\n19 990 €\n'],['\nSeptembre 2019\n'],['\n38 600\nkm\n'],['\nEssence\n'],['\nEmissions de CO'],['\nManuelle\n'],['\n4 portes avec hayon\n'],['\n5\nplaces\n']
['Cooper Clubman Pepper'],['\n24 890 €\n'],['\nNovembre 2020\n'],['\n9 013\nkm\n'],['\nEssence\n'],['\nEmissions de CO'],['\nManuelle\n'],['\n4 portes avec hayon\n'],['\n5\nplaces\n']
['Cooper Clubman Pepper'],['\n24 890 €\n'],['\nNovembre 2020\n'],['\n9 013\nkm\n'],['\nEssence\n'],['\nEmissions de CO'],['\nManuelle\n'],['\n4 portes avec hayon\n'],['\n5\nplaces\n']
['108 VTi 72ch BVM5 Access'],['\n8 500 €\n'],['\nMai 2019\n'],['\n41 000\nkm\n'],['\nEssence\n'],['\nEmissions de CO'],['\n4.1\nlitres / 100 km\n'],['\nManuelle\n'],['\n4 portes avec hayon\n'],['\n4\nCV\n'],['\n4\nplaces\n']
['Classe B 200 d 7-G DCT 4-Matic Fascination'],['\n24 500 €\n'],['\nSeptembre 2018\n'],['\n40 500\nkm\n'],['\nDiesel\n'],['\nEmissions de CO'],['\n5.0\nlitres / 100 km\n'],['\nAutomatique\n'],['\n4 portes avec hayon\n'],['\n7\nCV\n'],['\n5\nplaces\n']
['Q5 2.0 TDI 143 DPF Quattro Ambiente'],['\n15 500 €\n'],['\nJuillet 2010\n'],['\n120 500\nkm\n'],['\nDiesel\n'],['\nEmissions de CO'],['\n6.5\nlitres / 100 km\n'],['\nManuelle\n'],['\n4 portes avec hayon\n'],['\n9\nCV\n'],['\n5\nplaces\n']
['C4 Picasso e-HDi 115 Attraction ETG6'],['\n11 000 €\n'],['\nAoût 2014\n'],['\n110 000\nkm\n'],['\nDiesel\n'],['\nEmissions de CO'],['\n4.0\nlitres / 100 km\n'],['\nSemi automatique\n'],['\n4 portes avec hayon\n'],['\n6\nCV\n'],['\n5\nplaces\n']
['Grandland X Business 1.6 D 120 ch ECOTEC Edition'],['\n17 890 €\n'],['\nJuin 2018\n'],['\n65 890\nkm\n'],['\nDiesel\n'],['\nEmissions de CO'],['\n4.0\nlitres / 100 km\n'],['\nManuelle\n'],['\n4 portes avec hayon\n'],['\n6\nCV\n'],['\n5\nplaces\n']
['306 1.9 D Bahia'],['\n1 000 €\n'],['\nOctobre 1996\n'],['\n150 000\nkm\n'],['\nDiesel\n'],['\n6.7\nlitres / 100 km\n'],['\nManuelle\n'],['\n4 portes avec hayon\n'],['\n6\nCV\n'],['\n5\nplaces\n']
['2 CV 6 Special'],['\n12 000 €\n'],['\nMars 1986\n'],['\n96 700\nkm\n'],['\nEssence\n'],['\nManuelle\n'],['\n4 portes\n'],['\n3\nCV\n'],['\n5\nplaces\n']
['2 CV 6 Special'],['\n12 000 €\n'],['\nMars 1986\n'],['\n96 700\nkm\n'],['\nEssence\n'],['\nManuelle\n'],['\n4 portes\n'],['\n3\nCV\n'],['\n5\nplaces\n']
['Yaris Hybride 100h SkyBlue'],['\n11 800 €\n'],['\nMars 2016\n'],['\n85 248\nkm\n'],['\nHybride\n'],['\nEmissions de CO'],['\n3.6\nlitres / 100 km\n'],['\nAutomatique\n'],['\n4 portes avec hayon\n'],['\n3\nCV\n'],['\n5\nplaces\n']
['Yaris Hybride 100h SkyBlue'],['\n11 800 €\n'],['\nMars 2016\n'],['\n85 248\nkm\n'],['\nHybride\n'],['\nEmissions de CO'],['\n3.6\nlitres / 100 km\n'],['\nAutomatique\n'],['\n4 portes avec hayon\n'],['\n3\nCV\n'],['\n5\nplaces\n']
['C1 Airscape VTi 72 S&S Feel'],['\n7 900 €\n'],['\nJuin 2019\n'],['\n28 000\nkm\n'],['\nEssence\n'],['\nEmissions de CO'],['\n3.7\nlitres / 100 km\n'],['\nManuelle\n'],['\n4 portes avec hayon\n'],['\n3\nCV\n'],['\n4\nplaces\n']
['C1 Airscape VTi 72 S&S Feel'],['\n7 900 €\n'],['\nJuin 2019\n'],['\n28 000\nkm\n'],['\nEssence\n'],['\nEmissions de CO'],['\n3.7\nlitres / 100 km\n'],['\nManuelle\n'],['\n4 portes avec hayon\n'],['\n3\nCV\n'],['\n4\nplaces\n']
['Yaris Hybride 100h Dynamic'],['\n16 500 €\n'],['\nJuin 2020\n'],['\n23 753\nkm\n'],['\nHybride\n'],['\nEmissions de CO'],['\n3.6\nlitres / 100 km\n'],['\nAutomatique\n'],['\n4 portes avec hayon\n'],['\n3\nCV\n'],['\n5\nplaces\n']
['Yaris Hybride 100h Dynamic'],['\n16 500 €\n'],['\nJuin 2020\n'],['\n23 753\nkm\n'],['\nHybride\n'],['\nEmissions de CO'],['\n3.6\nlitres / 100 km\n'],['\nAutomatique\n'],['\n4 portes avec hayon\n'],['\n3\nCV\n'],['\n5\nplaces\n']
['2 CV 6 Special'],['\n14 000 €\n'],['\nSeptembre 1986\n'],['\n16 000\nkm\n'],['\nEssence\n'],['\nManuelle\n'],['\n4 portes\n'],['\n3\nCV\n'],['\n5\nplaces\n']
['2 CV 6 Special'],['\n14 000 €\n'],['\nSeptembre 1986\n'],['\n16 000\nkm\n'],['\nEssence\n'],['\nManuelle\n'],['\n4 portes\n'],['\n3\nCV\n'],['\n5\nplaces\n']
['Yaris Hybride 100h Collection Jaune'],['\n14 800 €\n'],['\nOctobre 2017\n'],['\n26 600\nkm\n'],['\nHybride\n'],['\nEmissions de CO'],['\n3.6\nlitres / 100 km\n'],['\nAutomatique\n'],['\n4 portes avec hayon\n'],['\n3\nCV\n'],['\n5\nplaces\n']
['Yaris Hybride 100h Collection Jaune'],['\n14 800 €\n'],['\nOctobre 2017\n'],['\n26 600\nkm\n'],['\nHybride\n'],['\nEmissions de CO'],['\n3.6\nlitres / 100 km\n'],['\nAutomatique\n'],['\n4 portes avec hayon\n'],['\n3\nCV\n'],['\n5\nplaces\n']
['Aygo 1.4 D Confort'],['\n4 200 €\n'],['\nJuillet 2008\n'],['\n123 000\nkm\n'],['\nDiesel\n'],['\nEmissions de CO'],['\n4.1\nlitres / 100 km\n'],['\nManuelle\n'],['\n2 portes avec hayon\n'],['\n3\nCV\n'],['\n4\nplaces\n']
['Aygo 1.4 D Confort'],['\n4 200 €\n'],['\nJuillet 2008\n'],['\n123 000\nkm\n'],['\nDiesel\n'],['\nEmissions de CO'],['\n4.1\nlitres / 100 km\n'],['\nManuelle\n'],['\n2 portes avec hayon\n'],['\n3\nCV\n'],['\n4\nplaces\n']
['Yaris Hybride 100h Chic'],['\n15 490 €\n'],['\nJuillet 2018\n'],['\n10 515\nkm\n'],['\nHybride\n'],['\nEmissions de CO'],['\n3.6\nlitres / 100 km\n'],['\nAutomatique\n'],['\n4 portes avec hayon\n'],['\n3\nCV\n'],['\n5\nplaces\n']
['Yaris Hybride 100h Chic'],['\n15 490 €\n'],['\nJuillet 2018\n'],['\n10 515\nkm\n'],['\nHybride\n'],['\nEmissions de CO'],['\n3.6\nlitres / 100 km\n'],['\nAutomatique\n'],['\n4 portes avec hayon\n'],['\n3\nCV\n'],['\n5\nplaces\n']
['Yaris Hybride 100h France'],['\n15 490 €\n'],['\nJuillet 2018\n'],['\n10 515\nkm\n'],['\nHybride\n'],['\nEmissions de CO'],['\nAutomatique\n'],['\n4 portes avec hayon\n'],['\n3\nCV\n'],['\n5\nplaces\n']
['Yaris Hybride 100h France'],['\n15 490 €\n'],['\nJuillet 2018\n'],['\n10 515\nkm\n'],['\nHybride\n'],['\nEmissions de CO'],['\nAutomatique\n'],['\n4 portes avec hayon\n'],['\n3\nCV\n'],['\n5\nplaces\n']
['Zoe Edition One Charge Rapide Gamme 2017'],['\n6 700 €\n'],['\nAoût 2016\n'],['\n63 000\nkm\n'],['\nElectrique\n'],['\nAutomatique\n'],['\n4 portes avec hayon\n'],['\n1\nCV\n'],['\n5\nplaces\n']
['Zoe Edition One Charge Rapide Gamme 2017'],['\n6 700 €\n'],['\nAoût 2016\n'],['\n63 000\nkm\n'],['\nElectrique\n'],['\nAutomatique\n'],['\n4 portes avec hayon\n'],['\n1\nCV\n'],['\n5\nplaces\n']
['Visa 1.0 Base'],['\n1 500 €\n'],['\nAvril 1982\n'],['\n93 632\nkm\n'],['\nEssence\n'],['\nManuelle\n'],['\n4 portes avec hayon\n'],['\n3\nCV\n'],['\n5\nplaces\n']
['Visa 1.0 Base'],['\n1 500 €\n'],['\nAvril 1982\n'],['\n93 632\nkm\n'],['\nEssence\n'],['\nManuelle\n'],['\n4 portes avec hayon\n'],['\n3\nCV\n'],['\n5\nplaces\n']
['Zoe R110 Intens'],['\n14 500 €\n'],['\nJanvier 2020\n'],['\n16 000\nkm\n'],['\nElectrique\n'],['\nAutomatique\n'],['\n4 portes avec hayon\n'],['\n1\nCV\n'],['\n5\nplaces\n']
['Zoe R110 Intens'],['\n14 500 €\n'],['\nJanvier 2020\n'],['\n16 000\nkm\n'],['\nElectrique\n'],['\nAutomatique\n'],['\n4 portes avec hayon\n'],['\n1\nCV\n'],['\n5\nplaces\n']
['2 CV 6 Charleston'],['\n11 000 €\n'],['\nJuillet 1977\n'],['\n60 000\nkm\n'],['\nEssence\n'],['\nManuelle\n'],['\n4 portes\n'],['\n3\nCV\n'],['\n5\nplaces\n']
['2 CV 6 Charleston'],['\n11 000 €\n'],['\nJuillet 1977\n'],['\n60 000\nkm\n'],['\nEssence\n'],['\nManuelle\n'],['\n4 portes\n'],['\n3\nCV\n'],['\n5\nplaces\n']
['EHS 1.5T GDI Hybride rechargeable Luxury'],['\n33 000 €\n'],['\nDécembre 2021\n'],['\n100\nkm\n'],['\nHybride\n'],['\nAutomatique\n'],['\n4 portes avec hayon\n'],['\n5\nplaces\n']
['EHS 1.5T GDI Hybride rechargeable Luxury'],['\n33 000 €\n'],['\nDécembre 2021\n'],['\n100\nkm\n'],['\nHybride\n'],['\nAutomatique\n'],['\n4 portes avec hayon\n'],['\n5\nplaces\n']
['Yaris Hybride 100h Attitude'],['\n10 000 €\n'],['\nOctobre 2015\n'],['\n103 000\nkm\n'],['\nHybride\n'],['\nEmissions de CO'],['\n3.6\nlitres / 100 km\n'],['\nAutomatique\n'],['\n4 portes avec hayon\n'],['\n3\nCV\n'],['\n5\nplaces\n']
['Yaris Hybride 100h Attitude'],['\n10 000 €\n'],['\nOctobre 2015\n'],['\n103 000\nkm\n'],['\nHybride\n'],['\nEmissions de CO'],['\n3.6\nlitres / 100 km\n'],['\nAutomatique\n'],['\n4 portes avec hayon\n'],['\n3\nCV\n'],['\n5\nplaces\n']
['Yaris Hybride 100h 20eme anniversaire'],['\n16 000 €\n'],['\nJanvier 2019\n'],['\n47 000\nkm\n'],['\nHybride\n'],['\nEmissions de CO'],['\n3.6\nlitres / 100 km\n'],['\nAutomatique\n'],['\n4 portes avec hayon\n'],['\n3\nCV\n'],['\n5\nplaces\n']
['Yaris Hybride 100h 20eme anniversaire'],['\n16 000 €\n'],['\nJanvier 2019\n'],['\n47 000\nkm\n'],['\nHybride\n'],['\nEmissions de CO'],['\n3.6\nlitres / 100 km\n'],['\nAutomatique\n'],['\n4 portes avec hayon\n'],['\n3\nCV\n'],['\n5\nplaces\n']
['Artega GT'],['\n16 800 €\n'],['\nOctobre 1972\n'],['\n81 800\nkm\n'],['\nEssence\n'],['\nEmissions de CO'],['\n8.9\nlitres / 100 km\n'],['\nSemi automatique\n'],['\n2 portes\n'],['\n2\nplaces\n']
['Artega GT'],['\n16 800 €\n'],['\nOctobre 1972\n'],['\n81 800\nkm\n'],['\nEssence\n'],['\nEmissions de CO'],['\n8.9\nlitres / 100 km\n'],['\nSemi automatique\n'],['\n2 portes\n'],['\n2\nplaces\n']





















































































































































































































































































































































































































































































































































































































































































































































































































































































































































































































































































































































['Polo 1.2 60 Style'],['\n5 990 €\n'],['\nNovembre 2011\n'],['\n136 100\nkm\n'],['\nEssence\n'],['\nEmissions de CO'],['\n5.5\nlitres / 100 km\n'],['\nManuelle\n'],['\n2 portes avec hayon\n'],['\n4\nCV\n'],['\n5\nplaces\n']














































































































































































































































































































































































































































































































































































































































































































































































































































































































































































































































































































































































































































































































































































































































































































































































































































































































































































































































































































































































































































































































































































































































































































































































































































































































































































































































































































































































































































